BPLIC,alt,category,info_r1,info_r2,pack,price,promotionText
606053,"Peroni Nastro Azzurro 24 x 330ml,Ambient,Add to List",£20.99,,,"Case of,24",£20.99,
234022,"Budweiser Lager Beer Bottles 24 x 300ml,Ambient,Add to List",£17.49,,,"Case of,24",£17.49,
135253,"Corona Extra Lager Beer Bottles 24 x 330ml,Ambient,Add to List",£19.99,,,"Case of,24",£19.99,
75273,"Desperados Tequila Lager Beer 330ml Bottle,Ambient,Add to List",£26.99,,,"Case of,24",£26.99,
238673,"Budweiser Lager Beer Bottles 6 x 300ml PMP £6.49,Prices Down,Ambient,Add to List",£15.99,,,"Case of,4",£15.99,Normal WSP: £16.99 Now £15.99 SAVE £1.00
246754,"Carlsberg Lager Beer 4 x 500ml PMP £5.39,Ambient,Add to List",£18.99,,,"Case of,6",£18.99,
259784,"Awaiting image,Ambient,Add to List",£23.89,,,"Case of,6",£23.89,
234668,"Holsten Pils 4 x 500ml PMP £5.99,Ambient,Add to List",£22.99,,,"Case of,6",£22.99,
11047,"Holsten Pils Lager 275ml,Prices Down,Ambient,Add to List",£16.49,,,"Case of,24",£16.49,Normal WSP: £18.99 Now £16.49 SAVE £2.50
921007,"San Miguel Premium Lager Beer 24 x 330ml,Prices Down,Ambient,Add to List",£15.99,,,"Case of,24",£15.99,Normal WSP: £19.99 Now £15.99 SAVE £4.00
116911,"Beck's Blue Alcohol Free German Beer Bottles 24 x 275ml,Ambient,Add to List",£14.99,,,"Case of,24",£14.99,
195264,"BrewDog Nanny State Alcohol Free Hoppy Ale 330ml,Ambient,Add to List",£11.99,,,"Case of,12",£11.99,
195267,"Brewdog Vagabond Pale Ale 330ml,Ambient,Add to List",£15.99,,,"Case of,12",£15.99,
974485,"Budweiser Budvar Original Czech Lager 24 x 330ml,Ambient,Add to List",£20.99,,,"Case of,24",£20.99,
205274,"Chang Classic Lager Beer 320ml,Ambient,Add to List",£21.49,,,"Case of,24",£21.49,
195006,"Erdinger Weissbrau Alkoholfrei 50cl,Ambient,Add to List",£11.49,,,"Case of,12",£11.49,
135232,"Estrella Damm Beer 4 x 330ml,Ambient,Add to List",£21.99,,,"Case of,6",£21.99,
227837,"Heineken 0.0 Alcohol Free Premium Lager Beer 4 x 330ml,Ambient,Add to List",£12.99,,,"Case of,6",£12.99,
122351,"Heineken Lager Beer 24 x 330ml Bottles,Ambient,Add to List",£21.99,,,"Case of,24",£21.99,
184084,"Kingfisher Premium Lager Beer 650ml,Ambient,Add to List",£22.99,,,"Case of,12",£22.99,
227445,"Old Speckled Hen Gluten Free Distinctive English Pale Ale 500ml,Ambient,Add to List",£11.39,,,"Case of,8",£11.39,
240736,"Peroni Nastro Azzurro Gluten Free 330ml,Ambient,Add to List",£11.99,,,"Case of,12",£11.99,
847840,"Singha Thai Premium Lager 330ml,Ambient,Add to List",£21.99,,,"Case of,24",£21.99,
129642,"Stella Artois Lager Beer Bottles 24 x 330ml,Ambient,Add to List",£17.49,,,"Case of,24",£17.49,
70991,"Tiger Asian Lager Beer 24 x 330ml Bottles,Ambient,Add to List",£22.99,,,"Case of,24",£22.99,
233779,"Asahi Super Dry 330ml,Prices Down,Ambient,Add to List",£20.99,,,"Case of,24",£20.99,Normal WSP: £22.99 Now £20.99 SAVE £2.00
259156,"Budweiser Lager Beer Cans 10 x 440ml,Prices Down,Ambient,Add to List",£7.33,,,,£7.33,Normal WSP: £8.34 Now £7.33 SAVE £1.01
98617,"Carling Original Lager 4 x 500ml,Prices Down,Ambient,Add to List",£17.99,,,"Case of,24",£17.99,Normal WSP: £19.99 Now £17.99 SAVE £2.00
226689,"Carlsberg Lager Beer 24 x 330ml,Prices Down,Ambient,Add to List",£14.49,,,,£14.49,Normal WSP: £16.99 Now £14.49 SAVE £2.50
246753,"Carlsberg Lager Beer 4 x 568ml PMP £5.99,Prices Down,Ambient,Add to List",£19.99,,,"Case of,6",£19.99,Normal WSP: £21.99 Now £19.99 SAVE £2.00
134907,"Corona Lager Beer Bottles 4 x 330ml,Prices Down,Ambient,Add to List",£20.49,,,"Case of,6",£20.49,Normal WSP: £23.79 Now £20.49 SAVE £3.30
247149,"Holsten Pils 6 x 275ml,Prices Down,Ambient,Add to List",£12.99,,,"Case of,4",£12.99,Normal WSP: £14.49 Now £12.99 SAVE £1.50
247172,"Skol Lager 8 x 500ml,Prices Down,Ambient,Add to List",£9.29,,,"Case of,3",£9.29,Normal WSP: £9.99 Now £9.29 SAVE £0.70
259154,"Stella Artois Belgium Premium Lager 10 x 440ml,Prices Down,Ambient,Add to List",£7.33,,,,£7.33,Normal WSP: £8.34 Now £7.33 SAVE £1.01
225418,"Stella Artois Lager Beer 4 x 500ml,Prices Down,Ambient,Add to List",£19.99,,,"Case of,6",£19.99,Normal WSP: £22.99 Now £19.99 SAVE £3.00
222668,"Stella Artois Lager Beer Bottles 4 x 330ml,Prices Down,Ambient,Add to List",£15.99,,,"Case of,6",£15.99,Normal WSP: £17.49 Now £15.99 SAVE £1.50
129647,"Stella Artois Lager Beer Cans 4 x 500ml,Prices Down,Ambient,Add to List",£18.99,,,"Case of,24",£18.99,Normal WSP: £22.99 Now £18.99 SAVE £4.00
234686,"Tuborg Lager 6 x 275ml PMP £5.59,Prices Down,Ambient,Add to List",£12.99,,,"Case of,4",£12.99,Normal WSP: £14.29 Now £12.99 SAVE £1.30
247138,"Amstel Bier Lager Beer 12 x 300ml Bottles,Ambient,Add to List",£6.99,,,,£6.99,
211978,"Amstel Bier Lager Beer 650ml Bottle,Ambient,Add to List",£17.49,,,"Case of,12",£17.49,
256125,"Amstel Bier Premium Pilsener 440ml £4.75 PMP Cans,Ambient,Add to List",£18.79,,,"Case of,6",£18.79,
233777,"Asahi Super Dry 4 x 330ml,Ambient,Add to List",£23.49,,,"Case of,6",£23.49,
234098,"Asahi Super Dry 620ml,Ambient,Add to List",£23.35,,,"Case of,12",£23.35,
56033,"Bangla Premium Beer 660ml,Ambient,Add to List",£20.99,,,"Case of,12",£20.99,
258676,"Beck's Beer 24 x 275ml,Ambient,Add to List",£14.99,,,"Case of,24",£14.99,
220235,"Beck's Blue Alcohol Free Beer Bottles 6 x 275ml,Ambient,Add to List",£12.99,,,"Case of,4",£12.99,
258678,"Beck's German Pilsner Beer Bottle 660ml,Ambient,Add to List",£17.49,,,"Case of,12",£17.49,
239506,"Awaiting image,Ambient,Add to List",£16.49,,,"Case of,4",£16.49,
247477,"Birra Moretti Lager Beer 12 x 330ml Bottles,Ambient,Add to List",£9.49,,,,£9.49,
84876,"Birra Moretti Lager Beer 24 x 330ml Bottles,Ambient,Add to List",£20.99,,,"Case of,24",£20.99,
232386,"Birra Moretti Lager Beer 4 x 330ml Bottles,Ambient,Add to List",£22.49,,,"Case of,6",£22.49,
218118,"Birra Moretti Lager Beer 660ml Bottle,Ambient,Add to List",£19.99,,,"Case of,12",£19.99,
260169,"Birra Moretti Premium Lager 6 x 500ml,Ambient,Add to List",£4.99,,,,£4.99,
133277,"Brahma Premium Lager 330ml,Ambient,Add to List",£17.49,,,"Case of,24",£17.49,
251964,"BrewDog Punk AF Alcohol Free IPA 330ml,Ambient,Add to List",£10.99,,,"Case of,12",£10.99,
249374,"Awaiting image,Ambient,Add to List",£15.49,,,"Case of,6",£15.49,
193682,"Budweiser Budvar Original Czech Lager 10 x 500ml,Ambient,Add to List",£12.49,,,"Case of,10",£12.49,
233157,"Budweiser King of Beers Lager Beer 12 x 300ml,Ambient,Add to List",£8.79,,,,£8.79,
233096,"Budweiser Lager Beer Bottle 660ml,Ambient,Add to List",£18.19,,,"Case of,12",£18.19,
235376,"Budweiser Lager Beer Bottles 20 x 300ml,Ambient,Add to List",£10.99,,,,£10.99,
233154,"Budweiser Lager Beer Cans 4 x 500ml,Ambient,Add to List",£22.49,,,"Case of,6",£22.49,
233112,"Budweiser Lager Beer Cans 4 x 568ml,Ambient,Add to List",£24.49,,,"Case of,6",£24.49,
233192,"Budweiser Lager Beer Cans 4 x 568ml,Ambient,Add to List",£24.49,,,"Case of,24",£24.49,
248226,"Carling Original Lager 10 x 440ml,Ambient,Add to List",£6.99,,,,£6.99,
237228,"Carling Original Lager 18 x 440ml,Ambient,Add to List",£11.99,,,,£11.99,
261557,"Carling Original Lager 4 x 500ml,Ambient,Add to List",£19.39,,,"Case of,6",£19.39,
168782,"Carling Original Lager 4 x 568ml,Ambient,Add to List",£20.89,,,"Case of,6",£20.89,
234663,"Carlsberg Export Lager Beer 4 x 500ml PMP £5.89,Ambient,Add to List",£22.49,,,"Case of,6",£22.49,
245986,"Carlsberg Lager Beer 10 x 330ml PMP £8.79,Ambient,Add to List",£11.59,,,"Case of,2",£11.59,
252324,"Carlsberg Lager Beer 10 x 440ml,Ambient,Add to List",£14.79,,,"Case of,2",£14.79,
232763,"Carlsberg Lager Beer 18 x 440ml,Ambient,Add to List",£10.49,,,,£10.49,
245982,"Carlsberg Special Brew Beer 4 x 500ml,Ambient,Add to List",£34.99,,,"Case of,24",£34.99,
245734,"Cobra 4.5% NRB,Ambient,Add to List",£19.49,,,"Case of,12",£19.49,
135560,"Coors Light Lager 4 x 500ml,Ambient,Add to List",£19.49,,,"Case of,24",£19.49,
246598,"Coors Light Lager 4 x 568ml,Ambient,Add to List",£22.29,,,"Case of,6",£22.29,
130543,"Corona Lager Beer Bottle 710ml,Ambient,Add to List",£19.99,,,"Case of,12",£19.99,
87646,"Corona Lager Beer Bottles 12 x 330ml,Ambient,Add to List",£9.49,,,,£9.49,
121844,"Desperados Tequila Lager Beer 3 x 330ml Bottles,Ambient,Add to List",£27.49,,,"Case of,8",£27.49,
201424,"Desperados Tequila Lager Beer 4 x 500ml Cans,Ambient,Add to List",£26.99,,,"Case of,24",£26.99,
177728,"Desperados Tequila Lager Beer 650ml Bottle,Ambient,Add to List",£22.49,,,"Case of,12",£22.49,
162663,"Efes Draft 50cl,Ambient,Add to List",£14.49,,,"Case of,12",£14.49,
69669,"Efes Pilsener Beer 33cl,Ambient,Add to List",£18.49,,,"Case of,24",£18.49,
234339,"Estrella Damm Beer 660ml,Ambient,Add to List",£19.99,,,"Case of,12",£19.99,
259299,"Fosters,Ambient,Add to List",£7.25,,,,£7.25,
259757,"Fosters Lager,Ambient,Add to List",£17.89,,,"Case of,6",£17.89,
251316,"Foster's Lager Beer 18 x 440ml Cans,Ambient,Add to List",£12.99,,,,£12.99,
233319,"Fosters PM4/550,Ambient,Add to List",£21.99,,,"Case of,6",£21.99,
252278,"Heineken 0.0 Premium Lager Beer 24 x 330ml,Ambient,Add to List",£12.79,,,"Case of,24",£12.79,
257538,"Heineken Lager Beer 10 x 440ml,Ambient,Add to List",£8.99,,,,£8.99,
163581,"Heineken Lager Beer 650ml,Ambient,Add to List",£18.29,,,"Case of,12",£18.29,
143683,"Heineken Premium Lager Beer 12 x 330ml,Ambient,Add to List",£16.99,,,"Case of,2",£16.99,
34634,"Heineken Premium Lager Beer 4 x 330ml,Ambient,Add to List",£18.99,,,"Case of,6",£18.99,
246308,"Heineken Premium Lager Beer 4 x 568ml Cans,Ambient,Add to List",£24.99,,,"Case of,6",£24.99,
227506,"Hop House 13 Lager 12 x 650ml Bottle,Ambient,Add to List",£19.99,,,"Case of,12",£19.99,
262593,"Hop House 13 Lager 12 x 650ml Bottle,Ambient,Add to List",£16.49,,,"Case of,12",£16.49,
889253,"Kingfisher Premium Lager Beer 650ml,Ambient,Add to List",£22.99,,,"Case of,24",£22.99,
212206,"Kronenbourg 1664 Lager Beer 10 x 440ml Cans,Ambient,Add to List",£17.49,,,"Case of,2",£17.49,
163994,"Kronenbourg 1664 Lager Beer 12 x 275ml Bottles,Ambient,Add to List",£8.69,,,,£8.69,
142186,"Kronenbourg 1664 Lager Beer 15 x 275ml Bottles,Ambient,Add to List",£5.99,,,,£5.99,
244332,"Kronenbourg 1664 Lager Beer 4 x 568ml Can,Ambient,Add to List",£24.99,,,"Case of,6",£24.99,
104055,"Kronenbourg 1664 Lager Beer 660ml Bottle,Ambient,Add to List",£20.79,,,"Case of,12",£20.79,
244568,"Awaiting image,Ambient,Add to List",£19.49,,,"Case of,6",£19.49,
236886,"Lech 20 x 500ml,Ambient,Add to List",£23.49,,,"Case of,20",£23.49,
236887,"Lech 4 x 500ml,Ambient,Add to List",£22.99,,,"Case of,6",£22.99,
256684,"Leffe Blonde Abbey Beer Bottle 330ml,Ambient,Add to List",£13.25,,,"Case of,12",£13.25,
248035,"Lynx Premium Lager 4 x 500ml,Ambient,Add to List",£16.79,,,"Case of,6",£16.79,
248036,"Lynx Premium Lager Pilsner 4 x 500ml,Ambient,Add to List",£7.49,,,"Case of,6",£7.49,
248063,"Lynx Premium Lager Super 500ml,Ambient,Add to List",£23.99,,,"Case of,24",£23.99,
75806,"Mythos Hellenic Lager Beer 330ml,Ambient,Add to List",£18.99,,,"Case of,24",£18.99,
162723,"Mythos Premium Quality Hellenic Beer 500ml,Ambient,Add to List",£14.49,,,"Case of,12",£14.49,
246229,"Oranjeboom Premium Lager Beer Original 4 x 500ml,Ambient,Add to List",£18.99,,,"Case of,6",£18.99,
251963,"Peroni Libera 12 x 330ml,Ambient,Add to List",£7.99,,,,£7.99,
112355,"Peroni Nastro Azzurro 12 x 330ml,Ambient,Add to List",£12.29,,,,£12.29,
194577,"Peroni Nastro Azzurro 12 x 620ml,Ambient,Add to List",£22.49,,,"Case of,12",£22.49,
210966,"Peroni Nastro Azzurro 4 x 330ml,Ambient,Add to List",£23.49,,,"Case of,6",£23.49,
244628,"Red Stripe Jamaican Lager Beer 4 x 440ml Can,Ambient,Add to List",£19.69,,,"Case of,6",£19.69,
256127,"Red Stripe Jamaican Lager Beer 4 x 568ml Can,Ambient,Add to List",£25.49,,,"Case of,6",£25.49,
259679,"Red Stripe Jamaican Lager Beer 6 x 330ml Bottles,Ambient,Add to List",£15.99,,,"Case of,4",£15.99,
87242,"Sagres 24 x 330ml,Ambient,Add to List",£20.49,,,"Case of,24",£20.49,
261513,"San Miguel Gluten Free Lager Beer 4 x 330ml,Ambient,Add to List",£23.99,,,"Case of,6",£23.99,
237097,"San Miguel Premium Lager Beer 10 x 440ml,Ambient,Add to List",£16.99,,,"Case of,2",£16.99,
19205,"San Miguel Premium Lager Beer 4 x 330ml,Ambient,Add to List",£17.99,,,"Case of,6",£17.99,
250722,"San Miguel Premium Lager Beer 4 x 500ml,Ambient,Add to List",£24.49,,,"Case of,6",£24.49,
260185,"San Miguel Premium Lager Beer 5.4% ABV 8 x 330ml,Ambient,Add to List",£10.99,,,"Case of,3",£10.99,
90305,"San Miguel Premium Lager Beer 660ml,Ambient,Add to List",£12.99,,,"Case of,8",£12.99,
111513,"Singha Thai Premium Lager 630ml,Ambient,Add to List",£17.99,,,"Case of,12",£17.99,
247525,"Sol Original Lager Beer 12 x 330ml Bottles,Ambient,Add to List",£7.99,,,,£7.99,
251463,"Sol Original Lager Beer 330ml Bottle,Ambient,Add to List",£17.49,,,"Case of,24",£17.49,
251472,"Sol Original Lager Beer 4 x 330ml Bottles,Ambient,Add to List",£17.99,,,"Case of,6",£17.99,
261653,"Stella Artois Belgium Premium Lager 4 x 568ml,Ambient,Add to List",£25.49,,,"Case of,6",£25.49,
203627,"Stella Artois Lager Beer Bottles 12 x 284ml,Ambient,Add to List",£8.79,,,,£8.79,
129575,"Stella Artois Lager Beer Bottles 12 x 660ml,Ambient,Add to List",£18.39,,,"Case of,12",£18.39,
259067,"Stella Artois Lager Beer Bottles 20 x 284ml,Ambient,Add to List",£10.49,,,,£10.49,
211479,"Stella Artois Lager Beer Bottles 6 x 330ml,Ambient,Add to List",£13.99,,,"Case of,4",£13.99,
199712,"Super Bock Premium Lager 4 x 33cl,Ambient,Add to List",£17.99,,,"Case of,6",£17.99,
187881,"Tiger Asian Lager Beer 640ml Bottle,Ambient,Add to List",£18.29,,,"Case of,12",£18.29,
90082,"Awaiting image,Ambient,Add to List",£18.49,,,"Case of,24",£18.49,
236264,"Tyskie 4 x 500ml,Ambient,Add to List",£22.99,,,"Case of,6",£22.99,
236366,"Tyskie 650ml,Ambient,Add to List",£21.99,,,"Case of,15",£21.99,
